First Name,Middle Name,Last Name,address,City,State,Country,Zip,Email,OtherBoard,CertificateID,CertificateNumber,IssueBoard,BoardCertificateNumber,BoardCertificateAcronym,CertificateIssueDate,Renewal Date,CertificateRequestDate,CertificateRequestFee,PaymentNumber,PaymentType,CertificateNotes
Ched,Cody,Fresher,3409 Deininger Rd.,York,PA,US,17402,ched@gmail.com,,ICAADC,12654789,,122,,9/12/2016,9/21/2025,9/12/2016,200,123,check,Notes.
Miraim,,Dosh,507 Delmont Ave,Pittsburgh,PA,US,15210,dosh@gmail.com,,ADAD,12365489,,122,,9/12/2016,9/21/2025,9/12/2016,200,123,check,Notes.
Ched,Cody,Fresher,3409 Deininger Rd.,York,PA,US,17402,ched@gmail.com,,ICAADC,12365478,,122,,9/12/2016,9/21/2025,9/12/2016,200,123,check,Notes.
Ched,Cody,Fresher,3409 Deininger Rd.,York,PA,US,17402,ched@gmail.com,,ICAADC,13265599,,122,,9/12/2016,9/21/2025,9/12/2016,200,123,check,Notes.
,,,,,,,,,,,,,,,,,,,,,
,,,,,,,,,,,,,,,,,,,,,
,,,,,,,,,,,,,,,,,,,,,
,,,,,,,,,,,,,,,,,,,,,
,,,,,,,,,,,,,,,,,,,,,
,,,,,,,,,,,,,,,,,,,,,
,,,,,,,,,,,,,,,,,,,,,
,,,,,,,,,,,,,,,,,,,,,
,,,,,,,,,,,,,,,,,,,,,
,,,,,,,,,,,,,,,,,,,,,
,,,,,,,,,,,,,,,,,,,,,
,,,,,,,,,,,,,,,,,,,,,
,,,,,,,,,,,,,,,,,,,,,
,,,,,,,,,,,,,,,,,,,,,
,,,,,,,,,,,,,,,,,,,,,
,,,,,,,,,,,,,,,,,,,,,
,,,,,,,,,,,,,,,,,,,,,
,,,,,,,,,,,,,,,,,,,,,
,,,,,,,,,,,,,,,,,,,,,
,,,,,,,,,,,,,,,,,,,,,
,,,,,,,,,,,,,,,,,,,,,
,,,,,,,,,,,,,,,,,,,,,
,,,,,,,,,,,,,,,,,,,,,
,,,,,,,,,,,,,,,,,,,,,
,,,,,,,,,,,,,,,,,,,,,
,,,,,,,,,,,,,,,,,,,,,
,,,,,,,,,,,,,,,,,,,,,
,,,,,,,,,,,,,,,,,,,,,
,,,,,,,,,,,,,,,,,,,,,
,,,,,,,,,,,,,,,,,,,,,
,,,,,,,,,,,,,,,,,,,,,
,,,,,,,,,,,,,,,,,,,,,
,,,,,,,,,,,,,,,,,,,,,
,,,,,,,,,,,,,,,,,,,,,
,,,,,,,,,,,,,,,,,,,,,
,,,,,,,,,,,,,,,,,,,,,
,,,,,,,,,,,,,,,,,,,,,
,,,,,,,,,,,,,,,,,,,,,
,,,,,,,,,,,,,,,,,,,,,
,,,,,,,,,,,,,,,,,,,,,
,,,,,,,,,,,,,,,,,,,,,
,,,,,,,,,,,,,,,,,,,,,
,,,,,,,,,,,,,,,,,,,,,
,,,,,,,,,,,,,,,,,,,,,
,,,,,,,,,,,,,,,,,,,,,
,,,,,,,,,,,,,,,,,,,,,
,,,,,,,,,,,,,,,,,,,,,
,,,,,,,,,,,,,,,,,,,,,
,,,,,,,,,,,,,,,,,,,,,
